98108 Armistice Alley;;Tumxuk;;China
1780 Lindbergh Center;;Xiadingjia;;China
85360 Sachs Hill;4415-719;Moses;Porto;Portugal
9 Thierer Center;;Bayt Līd;;Palestinian Territory
96 Pond Street;;Namp’o;;North Korea
4 Hovde Junction;;Sanhe;;China
32 Katie Hill;J1E;Fermont;Québec;Canada
93092 Fisk Point;;Xinxing;;China
36996 Heath Junction;755 01;Rokytnice;;Czech Republic
2991 Elmside Place;;Kaduranca;;Indonesia
3018 Charing Cross Circle;;Shuyuan;;China
8921 Amoth Terrace;;Ngundaan;;Indonesia
5642 Di Loreto Avenue;2860-343;Carvalhinho;Setúbal;Portugal
5 Blue Bill Park Point;;Jiuheyuan;;China
229 Northview Road;;Chikan;;China
20 Mandrake Court;356537;Svetlograd;;Russia
7 Pond Place;;Mahuta;;Tanzania
39497 Jenna Way;9104;Byala;;Bulgaria
198 Becker Lane;;Naju;;South Korea
2 Dakota Way;;Luhansk;;Ukraine
37558 Nobel Crossing;818-0138;Ōnojō;;Japan
4 Scott Avenue;;Sangiyn Dalay;;Mongolia
189 Brickson Park Center;;Pukou;;China
24331 Becker Terrace;;Yingchun;;China
67114 Packers Alley;;Beitou;;China
74 Novick Terrace;3550-286;Sezures;Viseu;Portugal
300 Melvin Road;4541;Wanganui;;New Zealand
01853 Vera Court;14910-000;Tabatinga;;Brazil
27763 Caliangt Hill;12311;Karachi;;Pakistan
916 Main Way;;Jiulong;;China
26645 Kedzie Lane;;Xilin;;China
24717 Anthes Park;;Kelodan;;Indonesia
03275 Tennessee Center;379-2166;Maebashi-shi;;Japan
54 Logan Way;533 13;Řečany nad Labem;;Czech Republic
8757 Becker Lane;;Dingdian;;China
14543 Mitchell Lane;182460;Vybor;;Russia
399 Sunnyside Point;31489 CEDEX 4;Toulouse;Midi-Pyrénées;France
28551 Kennedy Trail;633260;Ordynskoye;;Russia
223 Amoth Trail;71703;La Guadalupe;Oaxaca;Mexico
72 Bay Alley;;Krousón;;Greece
6 Manufacturers Circle;686164;Seymchan;;Russia
9 Kedzie Street;;Daxing;;China
59811 Shopko Junction;;Hacienda La Calera;;Chile
73 Crescent Oaks Circle;;Mayuge;;Uganda
1365 Raven Crossing;;Ikalamavony;;Madagascar
597 Jenna Point;58-111;Gorzyczki;;Poland
5 Vahlen Place;2755-279;Pai do Vento;Lisboa;Portugal
038 Holmberg Park;;Qilin;;China
7 North Hill;58-240;Piława Górna;;Poland
2 Independence Hill;;Mawu;;China
27 Raven Park;;Ankou;;China
602 Oakridge Pass;;Balakliya;;Ukraine
730 Summerview Drive;665081;Kvitok;;Russia
33 Hallows Pass;95-001;Biała;;Poland
24108 Elgar Trail;;Misau;;Nigeria
5 Waxwing Lane;;Chuanxi;;China
198 Forest Dale Court;299-0271;Kisarazu;;Japan
637 Atwood Parkway;20140;Phanat Nikhom;;Thailand
2 Everett Center;G6G;Thetford-Mines;Québec;Canada
2 Ridgeview Plaza;;Dasha;;China
78 Dwight Point;;Laiyuan;;China
30050 Laurel Street;;Canga’an;;Indonesia
6039 Burrows Alley;2601;La Trinidad;;Philippines
894 Dixon Place;;Sukatani;;Indonesia
31 Chinook Junction;;Ngromo;;Indonesia
41 Homewood Pass;;Masohi;;Indonesia
6 Loeprich Point;;Baishuitan;;China
545 Troy Court;;Lanyi;;China
4 Dahle Avenue;;Hưng Yên;;Vietnam
2 Mockingbird Way;;Gongfang;;China
4944 Lien Parkway;692311;Anuchino;;Russia
12421 Judy Lane;31039 CEDEX 9;Toulouse;Midi-Pyrénées;France
17 Hudson Point;45401;Shabqadar;;Pakistan
0246 Bayside Place;;Hengshitang;;China
00011 Laurel Point;;Yaogu;;China
88 Parkside Circle;L6S;Belfast;Prince Edward Island;Canada
722 Clyde Gallagher Alley;;Lembur Tengah;;Indonesia
8 Portage Park;;Krolevets’;;Ukraine
6 Crescent Oaks Pass;6525;Masoli;;Philippines
18 Saint Paul Place;;Pringsewu;;Indonesia
04 Morningstar Center;;Mabugang;;China
568 Sundown Pass;4525-274;Espinheira;Aveiro;Portugal
357 Fuller Pass;52212;Fažana;;Croatia
482 Lawn Center;63475-000;Jaguaribe;;Brazil
6152 Aberg Road;;Beixin;;China
855 Mesta Drive;64110;Sawankhalok;;Thailand
411 Stoughton Trail;8507;Loreto;;Philippines
61 Grover Hill;;Fengchuan;;China
34594 Sugar Alley;;Oeleu;;Indonesia
0281 Oakridge Point;;Mitrovicë;;Kosovo
1 Cascade Terrace;2826;Mapalacsiao;;Philippines
9435 Kropf Alley;;Bull Savanna;;Jamaica
559 Melby Street;6265;Jansenville;;South Africa
2 Forest Hill;E6J;Greenwood;Nova Scotia;Canada
7 Mcguire Way;;Paghmān;;Afghanistan
2 Badeau Lane;97670;Ouangani;;Mayotte
8 Stephen Court;13160-000;Artur Nogueira;;Brazil
1 Ramsey Terrace;;Heiheba;;China
7684 Schurz Plaza;9760-055;Biscoitos;Ilha Terceira;Portugal
87 Little Fleur Way;;Savelugu;;Ghana
32522 John Wall Drive;347-0105;Kisai;;Japan
4 Green Alley;;Nanyang;;China
21 La Follette Avenue;;Dhrosiá;;Greece
007 Del Mar Avenue;;Gabahan;;Indonesia
9594 Huxley Terrace;;Dafang;;China
111 Donald Avenue;;Tangzhuang;;China
983 Milwaukee Terrace;A63;Charlesland;;Ireland
70800 Kingsford Avenue;412 86;Göteborg;Västra Götaland;Sweden
08 Hayes Alley;;Stratónion;;Greece
7507 Waxwing Court;;Marshintsy;;Ukraine
2048 Calypso Trail;5349;Oss;Provincie Noord-Brabant;Netherlands
79581 Westerfield Pass;69870-000;Envira;;Brazil
71220 Morrow Hill;;Jiaoshi;;China
18 Armistice Place;55500-000;Escada;;Brazil
0722 Springview Plaza;;Bururi;;Burundi
76233 Northport Pass;575 94;Eksjö;Jönköping;Sweden
08 Debra Road;35076 CEDEX 9;Rennes;Bretagne;France
85 Granby Pass;;Singkir;;Indonesia
7909 Village Green Alley;;Baizhu;;China
61470 Mallory Park;;Bajia;;China
77171 Ramsey Court;;Turus;;Indonesia
2 Butternut Alley;;Dashahe;;China
60 Hallows Center;;Barda;;Azerbaijan
437 Lien Court;;Tanahbeureum;;Indonesia
25 Spaight Crossing;;Palecenan;;Indonesia
92 Continental Junction;6043;Liozon;;Philippines
02453 Dunning Street;468 82;Vargön;Västra Götaland;Sweden
9786 Cambridge Parkway;;Caohe;;China
95572 Dapin Drive;921 33;Lycksele;Västerbotten;Sweden
433 School Way;;Kefar Tavor;;Israel
430 Fairview Trail;;Timbulsari;;Indonesia
8286 Redwing Park;;Yeroẖam;;Israel
7 Montana Drive;10260;Phra Khanong;;Thailand
9 Forest Run Park;;Hongling;;China
2865 Elka Circle;88540;Kota Kinabalu;Sabah;Malaysia
306 Amoth Alley;;Margorejo;;Indonesia
5767 Kenwood Court;62930-000;Limoeiro do Norte;;Brazil
4585 Packers Court;;Tarata;;Peru
793 Knutson Way;2655-082;Fonte Boa da Brincosa;Lisboa;Portugal
6 Dahle Trail;1260;København;Region Hovedstaden;Denmark
776 Pepper Wood Lane;5131;Esperanza;;Argentina
82 Arizona Hill;;Tongole;;Sierra Leone
17 Vera Park;;Mahuta;;Tanzania
9071 Fulton Trail;6707;Macarse;;Philippines
0997 Stephen Parkway;;Lantera;;Indonesia
8 Starling Circle;;Banjar Swastika;;Indonesia
74 Carberry Center;301259;Shchëkino;;Russia
0265 Pepper Wood Alley;;Rantepang;;Indonesia
73530 Anniversary Point;;Tumpang Satu;;Indonesia
16926 Orin Plaza;155048;Teykovo;;Russia
52 Hanover Alley;68448;Benito Juarez;Oaxaca;Mexico
7 Melrose Center;652649;Krasnogorskiy;;Russia
39902 School Road;;Ma’an;;China
157 Linden Terrace;;Sanzao;;China
53210 Lillian Street;;Babakankadu;;Indonesia
38415 Doe Crossing Avenue;;Kasakh;;Armenia
03 Atwood Junction;14276;Buffalo;New York;United States
4 Heath Pass;;Basseterre;;Saint Kitts and Nevis
79 Clove Place;35156;Independencia;Durango;Mexico
350 Bartillon Plaza;;Lijiazui;;China
43 Luster Circle;;Bakan;;Indonesia
1896 Hintze Lane;9202;Kauswagan;;Philippines
51920 Lien Park;31120;Ban Lam Luk Ka;;Thailand
76391 Barby Parkway;4755-463;Rio Covo;Braga;Portugal
2154 Loftsgordon Drive;12620-000;Piquete;;Brazil
9 Stang Circle;14240;Janakkala;;Finland
516 Elgar Junction;622970;Visim;;Russia
1022 Eggendart Place;;Khodasy;;Belarus
980 Westport Crossing;475-0803;Hekinan;;Japan
26568 Mallard Alley;;Shendang;;China
6 Northland Park;20520;Washington;District of Columbia;United States
77021 Barby Avenue;6711;Pulangbato;;Philippines
9 Tennyson Road;;Reshetylivka;;Ukraine
14262 Main Alley;86-055;Fordon;;Poland
612 Loomis Court;957-0355;Tsuruga;;Japan
0499 Independence Street;3403;Daykitin;;Philippines
8586 Loeprich Pass;542 33;Mariestad;Västra Götaland;Sweden
1608 Boyd Parkway;;Seget;;Indonesia
2 Lukken Parkway;5829;Sampacho;;Argentina
58 Loomis Junction;613451;Medvedok;;Russia
5586 Prairieview Hill;;Rizhao;;China
379 Milwaukee Plaza;;Marneuli;;Georgia
7 Trailsway Point;;Kadujangkung;;Indonesia
79 Tennyson Lane;63-435;Sośnie;;Poland
5 Michigan Crossing;K78;Castleknock;;Ireland
8 Spaight Plaza;541 45;Skövde;Västra Götaland;Sweden
87 Tennyson Street;;Miaotang;;China
94176 Twin Pines Avenue;562 06;Ústí nad Orlicí;;Czech Republic
923 Melody Drive;67609 CEDEX;Sélestat;Alsace;France
2060 Nancy Way;26-803;Promna;;Poland
7 Ronald Regan Hill;;Ḩakamā;;Jordan
813 Buhler Plaza;658089;Novoaltaysk;;Russia
73409 Eggendart Trail;82004 CEDEX;Montauban;Midi-Pyrénées;France
45924 Dovetail Hill;75370-000;Goianira;;Brazil
638 Huxley Terrace;4650-576;Barroco;Porto;Portugal
97 Northport Lane;;Patrída;;Greece
2 Nelson Road;;Čortanovci;;Serbia
0 Kingsford Trail;;Cabanaconde;;Peru
3 Brown Center;09-410;Płock;;Poland
13161 Cordelia Park;27710;Durham;North Carolina;United States
16 Tomscot Pass;;Litan;;China
2827 Chive Drive;3483;Loreto;;Argentina
50 Village Trail;721 32;Västerås;Västmanland;Sweden
2408 Huxley Crossing;232517;San Carlos;;Colombia
871 Petterle Hill;10405;Sabana Grande de Boyá;;Dominican Republic
1204 Havey Court;701 81;Örebro;Örebro;Sweden
6 Vernon Court;;Lingcheng;;China
6 Hayes Road;162222;Syamzha;;Russia
9989 Cody Pass;;Cileuya;;Indonesia
78 Maryland Place;;Yingchuan;;China
59286 Leroy Parkway;20-282;Skarbimierz Osiedle;;Poland
86 Prairieview Junction;;Bao’an;;China
19 Grim Pass;;Zhyrovichy;;Belarus
5 Crowley Hill;;Ansheng;;China
8998 Myrtle Junction;;Krajan Satu;;Indonesia
05 Derek Parkway;;Petare;;Venezuela
3813 Marcy Trail;;Duobao;;China
9653 Waywood Avenue;;Yingta;;China
4693 Ryan Junction;;Ngreco;;Indonesia
85758 Texas Court;952 61;Kalix;Norrbotten;Sweden
3003 Bayside Junction;346781;Klyuchi;;Russia
09 Pankratz Court;;Wonoharjo;;Indonesia
870 Grim Terrace;;Hane;;Indonesia
95 Helena Point;;Korolëv Stan;;Belarus
422 Atwood Lane;;Sremčica;;Serbia
2806 Jay Point;98157;Messina;Sicilia;Italy
2949 Pawling Pass;44-186;Gierałtowice;;Poland
7289 Surrey Alley;9000;Comodoro Rivadavia;;Argentina
6844 Golf Course Court;;Fougamou;;Gabon
180 Glendale Place;;Sbo’o;;Indonesia
75 Melody Trail;;Saue;;Estonia
91 Hoepker Road;;Gubo;;China
74181 Dexter Center;20668;Kuala Terengganu;Terengganu;Malaysia
4 Gina Trail;16-020;Czarna Białostocka;;Poland
7 East Lane;;Guozhuang;;China
92777 Garrison Parkway;97500;Saint-Pierre;;Saint Pierre and Miquelon
81178 Hoepker Way;;Nguken;;Indonesia
21 Schiller Alley;12-160;Wielbark;;Poland
6864 Dawn Avenue;;Jindong;;China
1244 Blue Bill Park Park;;Mlangali;;Tanzania
477 Marquette Drive;20022;Washington;District of Columbia;United States
4470 Miller Pass;17209 CEDEX;Royan;Poitou-Charentes;France
78079 Homewood Hill;42130;Wang Saphung;;Thailand
902 Moose Plaza;352947;Krasnaya Polyana;;Russia
8327 Roth Center;;Majie;;China
95 Veith Place;;Zhongwei;;China
07336 Mcguire Street;;Tambulatana;;Indonesia
15 Vernon Terrace;;Aku;;Nigeria
75 Browning Way;;Xikou;;China
2 Clyde Gallagher Terrace;;Orurillo;;Peru
4 Artisan Circle;;Chanika;;Tanzania
6 4th Avenue;;Taiyang;;China
8121 Meadow Ridge Road;13390-000;Rio das Pedras;;Brazil
300 Delladonna Parkway;;Binhailu;;China
33567 Vernon Way;;Tarhuna;;Libya
1377 Texas Drive;21-060;Fajsławice;;Poland
75 Homewood Avenue;157825;Dulyapino;;Russia
0879 Sage Place;;Robertsport;;Liberia
5544 Fallview Circle;;Dongshangen;;China
6653 Westerfield Court;92822 CEDEX;Puteaux;Île-de-France;France
055 Lotheville Park;3707;Almaguer North;;Philippines
74271 Randy Circle;4615-178;Cachada;Porto;Portugal
6923 Ronald Regan Pass;;Cimarelang;;Indonesia
9 Harper Place;V4B;White Rock;British Columbia;Canada
8813 School Court;77214 CEDEX;Avon;Île-de-France;France
2326 Memorial Junction;43-254;Krzyżowice;;Poland
4268 American Ash Alley;;Tamianglayang;;Indonesia
38 Nova Lane;;Papágou;;Greece
0504 Sachs Park;70533;Guadalupe;Oaxaca;Mexico
2985 5th Parkway;;Yongxing;;China
2360 Onsgard Alley;47893;Borgo Maggiore;;San Marino
8602 Scoville Court;;Osorno;;Chile
555 Lindbergh Alley;;Tengrela;;Ivory Coast
1956 Saint Paul Hill;055438;El Retiro;;Colombia
7 Sauthoff Hill;;San Francisco;;Bolivia
65 Evergreen Plaza;;Panyambungan;;Indonesia
428 American Ash Junction;;Shufeng;;China
00 Kensington Center;5107;Paluan;;Philippines
95221 Arapahoe Road;15600;Alīābad;;Pakistan
75 Spenser Drive;36352;San Miguel;Guanajuato;Mexico
45 Maple Wood Place;76821 CEDEX;Mont-Saint-Aignan;Haute-Normandie;France
86 Butterfield Trail;;Babakankadu;;Indonesia
5847 Roth Point;999-0606;Matsubara;;Japan
8381 Park Meadow Lane;59-230;Prochowice;;Poland
51 Washington Place;;Zhongba;;China
0 Sheridan Drive;2370;Ermelo;;South Africa
6 Leroy Road;346763;Severnyy;;Russia
90 Northland Point;D04;Sandyford;;Ireland
74 Hermina Junction;;Jian’ou;;China
12213 Barby Street;;Kutao;;China
139 Memorial Junction;;Zhuting;;China
5 Portage Circle;5600;San Rafael;;Argentina
7 Larry Avenue;;Datong;;China
47569 Ramsey Terrace;;Jiadingzhen;;China
23 Meadow Ridge Junction;;Tabia;;Morocco
82065 Corben Lane;;Jawl al Majma‘;;Yemen
377 Tennyson Terrace;291 88;Kristianstad;Skåne;Sweden
44 Kipling Terrace;2005-033;Vale de Santarém;Santarém;Portugal
574 3rd Court;;Mokwa;;Nigeria
0 Hermina Hill;;Alah Sāy;;Afghanistan
215 Scofield Road;;Yanglong;;China
26919 Sundown Lane;;Llipa;;Peru
45942 Maple Avenue;;Huangmei;;China
50930 5th Alley;;Huzhuang;;China
7228 Westridge Plaza;46896;Fort Wayne;Indiana;United States
68 Stoughton Way;28990-000;Saquarema;;Brazil
277 Muir Pass;;Yinjiang;;China
372 Pepper Wood Alley;6120-705;Castelo;Santarém;Portugal
02951 John Wall Trail;;Longmen;;China
92369 Warbler Lane;;Lhokkruet;;Indonesia
32659 Golf Course Pass;2755-025;Alvide;Lisboa;Portugal
3 Novick Court;;Futaleufú;;Chile
819 Farmco Trail;03005;Alicante/Alacant;Comunidad Valenciana;Spain
1631 Fallview Trail;114 39;Stockholm;Stockholm;Sweden
0847 Macpherson Way;07-437;Łyse;;Poland
051 Arkansas Drive;453524;Verkhniy Avzyan;;Russia
3439 Forest Run Court;;Thị Trấn Nga Sơn;;Vietnam
442 Burrows Center;M9L;Lunenburg;Nova Scotia;Canada
553 Sullivan Drive;6060-205;Ladoeiro;Castelo Branco;Portugal
3698 Luster Lane;;Tegalgunung;;Indonesia
091 Saint Paul Hill;7223;General Belgrano;;Argentina
890 Burrows Way;70220;Tando Muhammad Khān;;Pakistan
08068 Acker Way;6011;Dicamay;;Philippines
055 Calypso Pass;34114;Naples;Florida;United States
1131 Rockefeller Avenue;658540;Rebrikha;;Russia
074 Lerdahl Junction;74982 CEDEX 9;Annecy;Rhône-Alpes;France
92 Northridge Lane;;Konso;;Ethiopia
9883 Corscot Drive;3412;Chilecito;;Argentina
3488 Eastlawn Pass;;Ucuncha;;Peru
879 Spenser Point;81803;Lazaro Cardenas;Sinaloa;Mexico
5 Delladonna Avenue;;Pul-e Khumrī;;Afghanistan
0815 Declaration Terrace;;Chavárion;;Greece
3 Lindbergh Drive;;Yongjiahe;;China
7 Jay Trail;2453;Radomir;;Bulgaria
58 Helena Circle;;Oguma;;Nigeria
54 Jana Park;;Kastsyukowka;;Belarus
5758 Londonderry Trail;;Smārde;;Latvia
32 Forest Road;5914;Venlo;Provincie Limburg;Netherlands
8981 Schlimgen Point;;Sarandë;;Albania
76 Duke Parkway;;Ilići;;Bosnia and Herzegovina
14 Washington Point;;Pingyang;;China
3 Jana Trail;09-210;Drobin;;Poland
309 Glacier Hill Center;102745;Dolinsk;;Russia
81289 Butterfield Crossing;2419;Brinkmann;;Argentina
1 Arapahoe Drive;05-180;Pomiechówek;;Poland
25 Shopko Park;;Umbanyar;;Indonesia
64923 Dryden Crossing;;Kudang;;Indonesia
2 Arkansas Park;264 31;Klippan;Skåne;Sweden
23942 Fair Oaks Court;416 80;Göteborg;Västra Götaland;Sweden
5 Westend Street;;Lomé;;Togo
372 Maywood Circle;7329;Apeldoorn;Provincie Gelderland;Netherlands
91 Warbler Street;663-8234;Nishinomiya-hama;;Japan
50961 Ramsey Court;;Bayt ‘Anān;;Palestinian Territory
0 Spaight Place;38-115;Babica;;Poland
7 Maryland Hill;7461;Bhātpāra Abhaynagar;;Bangladesh
3 Riverside Crossing;86062 CEDEX 9;Poitiers;Poitou-Charentes;France
60 Moose Junction;565 01;Nasavrky;;Czech Republic
6 Ruskin Street;3260;Concepción del Uruguay;;Argentina
3538 Di Loreto Circle;;Gambaru;;Nigeria
94 Summer Ridge Road;573-1191;Neyagawa;;Japan
62218 Vidon Terrace;34-103;Barwałd Średni;;Poland
435 Express Pass;18-301;Zambrów;;Poland
7416 Vermont Park;;Moulay Yacoub;;Morocco
430 Mockingbird Street;;Palampal;;Indonesia
61 Lindbergh Junction;6149;Shipka;;Bulgaria
66 Melvin Court;;Rābigh;;Saudi Arabia
58835 David Alley;;Bhamo;;Myanmar
93 Pond Trail;;Chóra;;Greece
52 Straubel Alley;;Sarāqib;;Syria
4 Express Trail;53140;Pathum Thani;;Thailand
13 Portage Street;;Jianjiang;;China
658 Lukken Place;21-543;Konstantynów;;Poland
8617 Eagle Crest Place;366904;Gudermes;;Russia
3 Service Junction;;Tabwakea Village;;Kiribati
95318 Menomonie Way;;Hanam;;South Korea
25 Surrey Trail;06254 CEDEX;Mougins;Provence-Alpes-Côte d'Azur;France
44691 Mccormick Center;;Nancheng;;China
4 Burning Wood Street;75498;La Soledad;Puebla;Mexico
2679 Meadow Ridge Court;171270;Novozavidovskiy;;Russia
51 Holmberg Point;V9L;Duncan;British Columbia;Canada
41 High Crossing Street;;Mafeng;;China
90417 Jenifer Terrace;8324;Cipolletti;;Argentina
6 Buell Lane;;Luozhou;;China
86512 Tony Crossing;;Shiyan;;China
768 Buena Vista Crossing;;Klakeh;;Indonesia
6621 Vidon Circle;65268-000;Cururupu;;Brazil
60 Mallory Junction;;Al Ghizlānīyah;;Syria
786 Swallow Crossing;;Wan’an;;China
516 Monica Road;13000-000;Campinas;;Brazil
963 Calypso Hill;607910;Pochinki;;Russia
00 Twin Pines Point;63807;Lazaro Cardenas;Nayarit;Mexico
16 Hagan Alley;M5T;Pangnirtung;Nunavut;Canada
071 Bay Hill;456030;Kropachëvo;;Russia
0698 Drewry Road;289 37;Loučeň;;Czech Republic
071 Ohio Hill;464 01;Višňova;;Czech Republic
0 Morrow Avenue;;Cisalakdesa;;Indonesia
3 Prairieview Lane;;Maubara;;East Timor
4977 Sage Point;;Bantarmangu;;Indonesia
4054 Karstens Crossing;;Mingzhong;;China
4 Lake View Plaza;2495-593;Giesteira;Santarém;Portugal
95638 Tony Pass;;Mokil;;Micronesia
664 Graceland Road;59815-000;Viçosa;;Brazil
60216 Forest Run Hill;;Sancha;;China
00 Homewood Circle;86-230;Lisewo;;Poland
2 Thackeray Circle;503 53;Smidary;;Czech Republic
99638 Bartelt Lane;51242;Brodarica;;Croatia
4430 Blackbird Pass;5436;Dordrecht;;South Africa
910 Oak Court;;Plumtree;;Zimbabwe
433 Lindbergh Avenue;;Xinyang;;China
7 North Plaza;155381;Meget;;Russia
6880 Little Fleur Center;;Guohua;;China
7 Knutson Park;;Agía Paraskeví;;Greece
53624 Troy Place;9265;Černelavci;;Slovenia
84852 Ohio Center;1304;Almere Stad;Provincie Flevoland;Netherlands
665 Oak Hill;83200-000;Paranaguá;;Brazil
5 Dryden Terrace;48101;Faisalābād;;Pakistan
2 Lunder Alley;92500-000;Guaíba;;Brazil
12766 Chive Center;762047;Alcalá;;Colombia
9204 Sutherland Point;98828;Tadine;;New Caledonia
11791 Mifflin Place;;Wudangshan;;China
66408 Algoma Trail;;Gusong;;China
339 Cody Place;;Xingzi;;China
4 Blaine Street;624857;Bogdanovich;;Russia
0 Muir Terrace;646860;Odesskoye;;Russia
4639 Veith Plaza;;Kumbo;;Cameroon
3 Gerald Circle;67-101;Otyń;;Poland
19 Reindahl Court;;Xiuyu;;China
8 1st Trail;31150;Srinagarindra;;Thailand
9 Eagle Crest Crossing;8400;San Carlos de Bariloche;;Argentina
460 Shopko Road;;Xiaoxiang;;China
50 Pankratz Junction;;Frakulla e Madhe;;Albania
1055 Bowman Trail;;Tuapukan;;Indonesia
1 Forest Dale Hill;;Shuiyin;;China
0319 Bowman Plaza;4212;Sinisian;;Philippines
52 Stoughton Road;051468;Liborina;;Colombia
2712 Raven Point;95-047;Jeżów;;Poland
96 Barnett Circle;;Zhongzhou;;China
5 Pine View Hill;5402;Balucawi;;Philippines
493 Monterey Terrace;171053;Vypolzovo;;Russia
2549 Burrows Way;8711;San Fernando;;Philippines
25 Ridgeway Lane;188355;Kobrinskoye;;Russia
0002 Melody Circle;;Al Mayādīn;;Syria
0 Reindahl Street;;Chư Sê;;Vietnam
62169 Tennyson Point;13568 CEDEX 02;Marseille;Provence-Alpes-Côte d'Azur;France
95327 Schlimgen Center;;Kostarea Satu;;Indonesia
222 Del Sol Drive;;Vishow;;Belarus
30 Blackbird Road;4022;Malawag;;Philippines
61655 Anniversary Circle;24118;Kiel;Schleswig-Holstein;Germany
64762 Cherokee Lane;;Shuangjing;;China
3 Hanover Pass;;Noebana;;Indonesia
06480 Blue Bill Park Drive;;Petare;;Venezuela
7 Transport Point;;Headlands;;Zimbabwe
40943 Donald Junction;;Datun;;China
11 Brickson Park Lane;73130;Bang Len;;Thailand
4 6th Way;;Bajia;;China
771 Weeping Birch Drive;;Beihe;;China
8 Dexter Junction;;Yingdianjie;;China
220 Bunting Junction;8712;Don Carlos;;Philippines
42637 Graceland Way;;Kanália;;Greece
4 Melby Junction;;Isaka;;Tanzania
34881 Northview Trail;;Dongshan;;China
808 Calypso Parkway;;Krajan;;Indonesia
200 Westend Drive;97075;Beaverton;Oregon;United States
16728 Havey Point;653 44;Karlstad;Värmland;Sweden
72 Mifflin Hill;;Utan;;Indonesia
765 High Crossing Place;;Saihan Tal;;China
313 Hollow Ridge Way;;Chuntai;;China
45532 Gale Point;3132;Mapalad;;Philippines
976 Sachtjen Hill;5884;Cradock;;South Africa
20560 Arkansas Court;5815;Tabuc Pontevedra;;Philippines
6407 Merrick Lane;;Jiaze;;China
49617 Lunder Center;;Heqian;;China
706 Rutledge Alley;761028;Riofrío;;Colombia
00623 Northview Trail;243240;Starodub;;Russia
289 Nancy Place;18160-000;Salto de Pirapora;;Brazil
66458 Hanover Court;;Kozova;;Ukraine
1392 Orin Place;238460;Ladushkin;;Russia
67 Porter Avenue;;Copa;;Peru
1 Annamark Terrace;;Đoan Hùng;;Vietnam
72974 Manley Court;;Embi;;Kazakhstan
3 Logan Parkway;;Liuxiang;;China
2 Holy Cross Pass;6030-006;Vila Velha de Ródão;Castelo Branco;Portugal
1432 Forest Alley;42-425;Kroczyce;;Poland
13031 Springs Junction;4600-652;Quinta;Porto;Portugal
36020 John Wall Place;;Huangtian;;China
355 Hudson Drive;;Gaoyu;;China
39794 Daystar Drive;;Rantīs;;Palestinian Territory
6 Sunnyside Road;;Shibajiazi;;China
97 Merrick Way;33-164;Regulice;;Poland
277 Anzinger Drive;84-218;Łęczyce;;Poland
837 Elmside Way;5961;Costa Sacate;;Argentina
5436 Pond Point;732 46;Arboga;Västmanland;Sweden
2430 Butterfield Park;;Mantar;;Indonesia
12661 Sheridan Plaza;;Wuqiao;;China
7 Anzinger Way;57000;Pattani;;Thailand
8378 Del Mar Crossing;;Yŏng-dong;;South Korea
5740 Pine View Alley;93228;Los Mangos;Veracruz Llave;Mexico
9 Weeping Birch Plaza;7292;Loznitsa;;Bulgaria
4056 American Ash Center;;Oujiangcha;;China
304 Morning Way;;Tundagan;;Indonesia
40 Di Loreto Alley;18560-000;Iperó;;Brazil
32488 Colorado Road;M3H;Delaware;Ontario;Canada
56261 Sheridan Street;;Chengzihe;;China
5 Lakewood Way;;Hetai;;China
06 Hanson Pass;303370;Maloarkhangel’sk;;Russia
1 Ridge Oak Hill;32441;Alastaro;;Finland
0 Melrose Crossing;;Bretaña;;Peru
216 Buell Lane;;Yahe;;China
6411 Towne Road;;Yongheshi;;China
1 Dixon Road;;Fufang;;China
47636 Forest Pass;73700-000;Padre Bernardo;;Brazil
31476 Hermina Road;134548;Morales;;Colombia
03611 Westerfield Hill;33-180;Gromnik;;Poland
7 Butterfield Park;25646;Kuantan;Pahang;Malaysia
12 New Castle Street;3454;Buena Esperanza;;Argentina
424 Lunder Place;;Sanlian;;China
86 Drewry Road;;Stung Treng;;Cambodia
238 Bluestem Street;62-510;Konin;;Poland
2 Blue Bill Park Junction;45190;Pathum Rat;;Thailand
2 Jana Road;;Pomacocha;;Peru
8114 Manley Point;7201;Clarin;;Philippines
5937 Bashford Circle;734007;Melgar;;Colombia
5091 Pawling Hill;;Las Lomas;;Panama
4563 Buell Alley;;An Nāşirīyah;;Iraq
0 Butternut Street;;Banaran;;Indonesia
31 Farragut Crossing;;Xinchengzi;;China
9876 Roxbury Point;59250;Jalālpur Pīrwāla;;Pakistan
5393 7th Circle;04012;Yepocapa;;Guatemala
2 Lyons Junction;;Mas‘adah;;Syria
8 Fremont Point;;Randuagung;;Indonesia
510 Nevada Road;3636;Ingeniero Guillermo N. Juárez;;Argentina
55025 Lake View Parkway;;Piskivka;;Ukraine
670 Vidon Court;;Timrat;;Israel
836 Superior Center;;Bilozerka;;Ukraine
4 Clarendon Plaza;;Padej;;Serbia
98 Knutson Park;530 12;Pardubice;;Czech Republic
1672 Del Sol Place;;Kotatengah;;Indonesia
63519 Arapahoe Court;;Ma’an;;China
21059 Delladonna Alley;;Lungmar;;China
12 Wayridge Center;30034 CEDEX 1;Nîmes;Languedoc-Roussillon;France
652 Sloan Street;96970;Ujae;;Marshall Islands
78 Bunting Park;;Tiandeng;;China
4 Lyons Junction;;Ningmute;;China
2 Pennsylvania Street;;Shoushan;;China
3782 Tennessee Street;91104 CEDEX;Corbeil-Essonnes;Île-de-France;France
95 Northport Parkway;671 38;Višňové;;Czech Republic
6 Columbus Way;;Krajanjugosari;;Indonesia
571 Center Street;25330;Kuusjoki;;Finland
42 Namekagon Way;7213;Balayong;;Philippines
3 Grayhawk Drive;;Liuqu;;China
029 Pankratz Drive;;Ulichnoye;;Ukraine
6292 Delaware Parkway;47110;Sawang Daen Din;;Thailand
2 Marcy Court;57200-000;Penedo;;Brazil
0731 Basil Avenue;;Khawr Fakkān;;United Arab Emirates
79383 Mifflin Avenue;;Sironko;;Uganda
6 Fulton Plaza;;Batakte;;Indonesia
1 Russell Alley;659540;Sovetskoye;;Russia
0 Fremont Street;34308;Jakšić;;Croatia
51382 Continental Drive;;Mamu;;China
74 Steensland Junction;;Beigao;;China
450 Express Park;;Glondong;;Indonesia
2721 Mcbride Terrace;73-231;Krzęcin;;Poland
1609 Helena Street;407-0176;Ryūō;;Japan
20938 Rowland Park;;Mahaddayweyne;;Somalia
5 Harper Alley;992-0478;Takehara;;Japan
68966 Ridge Oak Hill;582 81;Habry;;Czech Republic
85 Stone Corner Pass;;Sarae;;Indonesia
653 Carpenter Trail;;Pancur;;Indonesia
68478 Vidon Pass;;Linxihe;;China
44 Farragut Point;;Rafaï;;Central African Republic
4 Dixon Center;;Cikaso;;Indonesia
254 Lake View Point;;Shatian;;China
5454 7th Park;05-430;Celestynów;;Poland
84175 Stuart Point;31300;Tammela;;Finland
2407 Kensington Pass;;Singasari;;Indonesia
41534 Prentice Alley;76905;San Angelo;Texas;United States
147 Miller Junction;;Masparrito;;Venezuela
093 Dovetail Place;373 72;Lišov;;Czech Republic
8198 Birchwood Terrace;;Shiziling;;China
890 Roth Lane;;Pingtang;;China
0 La Follette Center;88530;El Paso;Texas;United States
31 Chive Park;2785-019;Abóboda;Lisboa;Portugal
58 Oakridge Circle;;Naxos;;Greece
9 Arizona Junction;81505;Grand Junction;Colorado;United States
2121 Bay Hill;;Huangjin;;China
22765 Butternut Center;4745-235;Oliveiras;Porto;Portugal
1213 Hallows Junction;;Masina;;Democratic Republic of the Congo
56 Muir Court;353508;Temryuk;;Russia
0 Prairieview Lane;67210;Wichita;Kansas;United States
4 Waxwing Drive;69450-000;Codajás;;Brazil
81129 Green Ridge Court;261 27;Landskrona;Skåne;Sweden
7 Mariners Cove Place;;Temara;;Morocco
85 Nobel Terrace;;Ayolas;;Paraguay
4 Redwing Junction;;Balpyk Bī;;Kazakhstan
5114 Pierstorff Court;;Zagnitkiv;;Ukraine
4511 Lukken Pass;;Dongluqiao;;China
41194 High Crossing Road;;Pingxiang;;China
81 Dryden Pass;;Xiasi;;China
33416 Petterle Point;;Dasha;;China
54385 Mallard Point;;Cimanggu;;Indonesia
88 Prairieview Court;9540;Koppies;;South Africa
126 Hoffman Circle;294 74;Sölvesborg;Blekinge;Sweden
21 Heffernan Way;;Mimbaan Timur;;Indonesia
46 Judy Place;;Kelin;;China
053 School Lane;;Petit Valley;;Trinidad and Tobago
39 Vidon Way;;Edéa;;Cameroon
80 Gerald Center;94809 CEDEX;Villejuif;Île-de-France;France
0615 Artisan Park;;Herong;;China
88 Linden Junction;386338;Verkhniye Achaluki;;Russia
62919 Cherokee Alley;;Dondon;;Haiti
91718 Forster Hill;;Diaowei;;China
05 Anniversary Alley;;Xiaoruo;;China
7071 8th Road;;Noşratābād;;Iran
0 Forest Dale Crossing;2703;Fuerte;;Philippines
5 Muir Alley;;San Antonio;;Honduras
7 Oxford Place;;Peñal;;Trinidad and Tobago
0746 Steensland Parkway;;Poste de Flacq;;Mauritius
078 8th Terrace;;Danghara;;Tajikistan
3 Stoughton Court;634510;Timiryazevskoye;;Russia
36 Village Street;986-0303;Nagai;;Japan
43179 Jenna Center;;Xiaojiangba;;China
39635 Clove Park;9270;Tromsø;Troms;Norway
7009 Eggendart Place;357560;Pyatigorsk;;Russia
2 Menomonie Trail;;Broska;;Ukraine
29 Dovetail Junction;;Tanjungpati;;Indonesia
9 Canary Junction;;Kikinda;;Serbia
996 Warner Crossing;;Dacun;;China
3 Aberg Circle;;Kavásilas;;Greece
22148 Butternut Junction;;Aboisso;;Ivory Coast
599 Laurel Drive;1719;Padang;;Philippines
1 Thompson Alley;;Banjar Cemenggon;;Indonesia
070 Straubel Plaza;;Leiguan;;China
36 Onsgard Pass;;Wenfu;;China
8361 Barnett Center;2300;Tarlac City;;Philippines
494 Mallard Terrace;33345;Fort Lauderdale;Florida;United States
0 Warner Pass;649140;Turochak;;Russia
2365 Sauthoff Avenue;67-120;Kożuchów;;Poland
9 Laurel Lane;624170;Neyvo-Rudyanka;;Russia
83550 Homewood Terrace;;Huashu;;China
03 Barby Crossing;;Shijie;;China
67846 Oak Valley Trail;;Chixi;;China
9560 Veith Parkway;3010;Vizal San Pablo;;Philippines
595 Londonderry Parkway;6215;Mahaba;;Philippines
7879 Lunder Place;;Songqiao;;China
54601 Sutherland Junction;;Tarīm;;Yemen
3654 Dorton Pass;59034 CEDEX;Lille;Nord-Pas-de-Calais;France
419 Randy Pass;;Banjar Wates Tengah;;Indonesia
6 Kedzie Road;356040;Pregradnoye;;Russia
1 Columbus Crossing;;Adraskan;;Afghanistan
15168 Reindahl Avenue;;Grytviken;;South Georgia and the South Sandwich Islands
057 Warrior Road;42242;Tužno;;Croatia
43271 Autumn Leaf Street;;Illela;;Nigeria
12 Garrison Alley;;Karanganyar;;Indonesia
20504 Sunfield Parkway;;Naekan;;Indonesia
559 Ridgeway Point;;Safotulafai;;Samoa
19 Doe Crossing Terrace;153047;Guayatá;;Colombia
503 Myrtle Crossing;;Tiassalé;;Ivory Coast
2342 Loftsgordon Lane;;Dongping;;China
36 Novick Parkway;;Yangyuan;;China
8100 Anniversary Lane;;Xiaqiao;;China
27 Washington Court;;Simabur;;Indonesia
3 Reindahl Avenue;21-080;Garbów;;Poland
47640 Banding Parkway;;Yanweigang;;China
1 Hollow Ridge Court;;Kaliwates;;Indonesia
59 Hoffman Crossing;;Kostarea Satu;;Indonesia
62 Shelley Park;;Ciemas;;Indonesia
9 Schurz Terrace;76-214;Smołdzino;;Poland
37758 Merchant Avenue;;Zili;;China
69 Katie Terrace;526529;Los Andes;;Colombia
52 New Castle Pass;10100;Pom Prap Sattru Phai;;Thailand
517 Summerview Center;;Kasese;;Uganda
69 Daystar Lane;;Bieqiao;;China
6903 Cherokee Junction;;Keboncau;;Indonesia
206 Brown Lane;;Modot;;Mongolia
22344 Fulton Way;8300;Neuquén;;Argentina
86470 Scott Pass;;Bonthe;;Sierra Leone
853 Bowman Point;;Simpang;;Indonesia
2401 Vidon Alley;2200-499;Sentieiras;Santarém;Portugal
090 Burning Wood Street;;Heshui;;China
2558 Rutledge Crossing;307251;Kurchatov;;Russia
943 Ridgeway Trail;4560-221;Vila Verde;Porto;Portugal
6519 Anthes Pass;;Krajan;;Indonesia
45519 Bluestem Avenue;64504 CEDEX;Saint-Jean-de-Luz;Aquitaine;France
672 Vernon Court;901095;Atlasovo;;Russia
175 Lawn Hill;58388-000;Alagoa Grande;;Brazil
88 Nelson Drive;22179;Hamburg Bramfeld;Hamburg;Germany
0725 Fisk Trail;;Taman;;Indonesia
746 Jackson Circle;;Huyunxiang;;China
85252 Chinook Point;;Dandu;;China
54961 Londonderry Lane;3850-312;Alquerubim;Aveiro;Portugal
5999 Comanche Trail;2390;Hrib-Loški Potok;;Slovenia
6832 Mayfield Park;;Dongtucheng;;China
752 Superior Trail;;Vilcún;;Chile
4627 Boyd Drive;;Marmashen;;Armenia
193 Eagan Circle;39180;Bueng Khong Long;;Thailand
9 Dakota Hill;;Laoliangcang;;China
9 Ronald Regan Pass;215107;Volokolamsk;;Russia
1568 Namekagon Street;9308;Lumbac;;Philippines
05436 Petterle Avenue;;Dadaha;;Indonesia
83596 Prentice Plaza;;Avarua;;Cook Islands
1110 Merry Point;;Hongor;;Mongolia
4 Anthes Junction;;Kruty;;Ukraine
10663 Messerschmidt Lane;40602;San José;;Costa Rica
524 Grover Place;;Gia Ray;;Vietnam
78 Lake View Junction;0280;Oslo;Oslo;Norway
19136 Dayton Parkway;;Gongbuxue;;China
93748 Cascade Hill;682038;Molagavita;;Colombia
942 Goodland Terrace;;Bengga;;Indonesia
37569 Helena Street;46-034;Pokój;;Poland
29 Ruskin Trail;;Shuangfeng;;China
8802 Lien Terrace;;Skotoússa;;Greece
62 Stuart Circle;678711;Dzhebariki-Khaya;;Russia
66 West Plaza;88000-000;Florianópolis;;Brazil
2 Ryan Road;;Gubuk Daya;;Indonesia
25 Lillian Parkway;;Jinhe;;China
7749 Merry Point;;Matam;;Senegal
4519 Riverside Way;80615;Talpe;;Sri Lanka
43954 Jenifer Way;11518;La Romana;;Dominican Republic
9 Granby Park;;Yuta;;Palestinian Territory
744 Oakridge Circle;31029 CEDEX 4;Toulouse;Midi-Pyrénées;France
1 Elka Parkway;641 36;Katrineholm;Södermanland;Sweden
694 La Follette Crossing;;Carapo;;Peru
8698 Brickson Park Drive;3384;Emnambithi-Ladysmith;;South Africa
4371 Bunting Road;348 15;Chodová Planá;;Czech Republic
63 Bonner Drive;76-153;Darłowo;;Poland
582 Jenna Trail;;Krajan Puru;;Indonesia
43980 Stephen Way;;Abovyan;;Armenia
61655 Ryan Court;;Depok;;Indonesia
6 Oakridge Circle;52460;Buje;;Croatia
7755 Dayton Lane;479-0871;Tokoname;;Japan
12741 Forest Alley;;Bayramaly;;Turkmenistan
0 Miller Drive;;Mazongshan;;China
2 Burrows Avenue;;Jiumen;;China
4508 Brown Avenue;95780-000;Montenegro;;Brazil
53 Sherman Lane;;Baiju;;China
69 Vidon Lane;7102;Roxas;;Philippines
35881 Reindahl Drive;;Ma‘lūlā;;Syria
74568 Golf Court;;Huaqiao;;China
73 Iowa Place;;Aoluguya Ewenke Minzu;;China
83120 Pleasure Trail;3642;Waihi Beach;;New Zealand
1511 Lyons Pass;2600;Venado Tuerto;;Argentina
171 Lakewood Street;;Panoongan;;Indonesia
03641 Lien Trail;5889;Adelaide Mail Centre;South Australia;Australia
73546 Crest Line Point;9787;Barkly East;;South Africa
1577 Oak Valley Alley;3903;Uyugan;;Philippines
89370 Talisman Alley;;Xifangcheng;;China
289 Northwestern Center;23120;Satun;;Thailand
5 Eagle Crest Parkway;3700-599;Souto da Costa;Aveiro;Portugal
0412 Quincy Trail;2810;Taclobo;;Philippines
90307 Independence Plaza;1114;Lourdes;;Philippines
9514 Goodland Alley;58-580;Szklarska Poręba;;Poland
0277 Dunning Pass;;Oujiangcha;;China
1241 Lien Avenue;;Tongtuan;;China
96951 Hauk Lane;4023;Bugcaon;;Philippines
784 Bayside Trail;26907 CEDEX 9;Valence;Rhône-Alpes;France
0977 Bultman Circle;;Charagua;;Bolivia
940 Mesta Road;;Sailaitang;;China
8 Vera Junction;09700-000;São Bernardo do Campo;;Brazil
50763 Clove Hill;54154 CEDEX;Briey;Lorraine;France
43257 Elka Circle;;Maştağa;;Azerbaijan
34138 Sundown Road;;Saue;;Estonia
66 Morrow Way;;Mukacheve;;Ukraine
076 Thompson Street;80190;Chian Yai;;Thailand
33 Rowland Avenue;;Fuhai;;China
9169 Orin Alley;;Makbon;;Indonesia
5 Sherman Center;;Svyetlahorsk;;Belarus
57927 Sage Parkway;8722;Lantapan;;Philippines
0623 Granby Hill;641878;Shadrinsk;;Russia
72 Ludington Court;;Jingning Chengguanzhen;;China
7 Bultman Terrace;;Kuishan;;China
4156 Cody Way;;Saatlı;;Azerbaijan
07018 Shoshone Parkway;439 07;Peruc;;Czech Republic
7451 Macpherson Junction;6720;Basey;;Philippines
0 6th Hill;;Gorē;;Ethiopia
65 Warner Parkway;;Jinjiang;;China
1 Texas Lane;;Yongfeng;;China
736 Washington Way;79309 CEDEX;Bressuire;Poitou-Charentes;France
3380 Upham Park;175040;Sol’tsy;;Russia
2 Crowley Circle;;Dembī Dolo;;Ethiopia
060 Old Gate Court;;Jiblah;;Yemen
8 Derek Plaza;;Limenária;;Greece
31948 Trailsway Lane;L-9378;Diekirch;;Luxembourg
41683 Forster Park;4125;Bitaogan;;Philippines
131 Division Place;;Kouqian;;China
649 Cherokee Plaza;;Amancio;;Cuba
622 Corben Pass;;Lamu;;Kenya
38291 Cottonwood Junction;4624;Piedra del Águila;;Argentina
6 8th Street;85800-000;Cascavel;;Brazil
76100 Upham Place;;Linzi;;China
63548 Warrior Avenue;660126;Sheregesh;;Russia
2549 Marquette Pass;;Jianfeng;;China
57120 Welch Road;;Titao;;Burkina Faso
4 Carey Park;;Xiejia;;China
988 Buhler Point;;Poste de Flacq;;Mauritius
39 Stone Corner Pass;3312;Cordon;;Philippines
584 Dovetail Junction;35660-000;Pará de Minas;;Brazil
14 Melvin Crossing;;Faleula;;Samoa
617 Reindahl Drive;;Mahdishahr;;Iran
28527 Service Alley;10179;Berlin;Berlin;Germany
072 Springs Pass;32-432;Osieczany;;Poland
8 Huxley Hill;;Tuanchengshan;;China
7161 Morningstar Pass;;Guhuai;;China
6 Northridge Road;;Tanamiting;;Indonesia
8760 Dryden Alley;86000;Phatthalung;;Thailand
58 Eagle Crest Junction;3860-346;Veiros;Aveiro;Portugal
0742 Lakeland Park;;Batutulis;;Indonesia
86 Eggendart Hill;;Pipa;;China
10 Marquette Place;;Chaoyangdong;;China
69 Clarendon Court;;Klumbu;;Indonesia
020 Straubel Parkway;426 52;Västra Frölunda;Västra Götaland;Sweden
6 Kingsford Plaza;L-5465;Waldbredimus;;Luxembourg
455 Kinsman Drive;;El Viejo;;Nicaragua
59 International Plaza;06500;Porvoo;;Finland
604 Meadow Vale Junction;;Panguna;;Papua New Guinea
106 Moose Center;;Victoria;;Grenada
1 Hoffman Way;;Gubeikou;;China
76467 Leroy Plaza;;Haoping;;China
843 Kedzie Point;788 32;Staré Město;;Czech Republic
067 Mayfield Point;;Lipljan;;Kosovo
20489 Lakewood Terrace;;Sepit;;Indonesia
7 Linden Road;;Yushan;;China
7078 Katie Drive;95011 CEDEX;Cergy-Pontoise;Île-de-France;France
108 Hermina Park;;Puncaksari;;Indonesia
38199 Corry Center;171 14;Solna;Stockholm;Sweden
733 Transport Avenue;7210;Hermanus;;South Africa
950 Muir Way;;Gelin;;China
71 Ridgeview Crossing;;Kopen;;Indonesia
13 Heffernan Way;;Songqiao;;China
63 Bowman Terrace;4755-402;Pereira;Braga;Portugal
6458 Lyons Street;;Shiraz;;Iran
92765 Hollow Ridge Trail;;Mazkeret Batya;;Israel
318 Cambridge Center;404622;Leninsk;;Russia
94 Barnett Circle;613155;Slobodskoy;;Russia
72 Hagan Street;;Xiasha;;China
94065 Meadow Valley Hill;;Duhu;;China
4165 Hoepker Road;;Şuwayr;;Yemen
8 Miller Avenue;;Jiangning;;China
00 Maple Wood Parkway;;Katsikás;;Greece
50235 Messerschmidt Parkway;;Ngarus;;Indonesia
48 Bultman Lane;;Tupiza;;Bolivia
50166 Dawn Lane;73900-000;Posse;;Brazil
0 Susan Parkway;2430;Manaoag;;Philippines
1157 Ridge Oak Trail;42-283;Boronów;;Poland
5 Lukken Drive;763547;Palmira;;Colombia
97346 Ramsey Place;626-0072;Maizuru;;Japan
78 Heffernan Parkway;80204;Denver;Colorado;United States
372 Truax Junction;;Jabranti;;Indonesia
9352 Arizona Plaza;;Xushangqiao;;China
91104 Iowa Junction;;Kidodi;;Tanzania
1 Straubel Drive;2009;Dacudao;;Philippines
72 Anniversary Road;;Luchingu;;Tanzania
24962 Barnett Hill;MD-5233;Drochia;;Moldova
7 Hazelcrest Crossing;931 57;Skellefteå;Västerbotten;Sweden
5 Muir Pass;;Qarah Ẕīā’ od Dīn;;Iran
1 Dunning Drive;14019;Cunén;;Guatemala
815 Clarendon Avenue;;Guantang;;China
0164 Oneill Terrace;;Banfora;;Burkina Faso
7 Manley Drive;;Yujing;;China
50 Hollow Ridge Street;H8P;Morris;Manitoba;Canada
04 Bunting Trail;39930;Karvia;;Finland
927 Service Avenue;;Daejeon;;South Korea
8619 Forest Run Center;172 79;Sundbyberg;Stockholm;Sweden
49 Coleman Point;;Rabah;;Nigeria
810 Northridge Drive;763528;El Cerrito;;Colombia
77 Golf View Point;7947;Retreat;;South Africa
5077 Sunbrook Trail;658972;Bastan;;Russia
6192 Steensland Point;;Huangtudian;;China
487 Eliot Court;72140;Si Prachan;;Thailand
09 Farragut Lane;7124;Kalawit;;Philippines
01118 Spaight Lane;73-150;Łobez;;Poland
978 Scofield Pass;;Sui’an;;China
2387 Algoma Street;49160-000;Nossa Senhora do Socorro;;Brazil
3 Arapahoe Way;;Amboasary;;Madagascar
398 Pine View Plaza;06182 CEDEX 2;Nice;Provence-Alpes-Côte d'Azur;France
6480 Luster Terrace;;Pāvilosta;;Latvia
0 Elmside Lane;1219;Baganga;;Philippines
90681 Anhalt Junction;2530-407;Miragaia;Lisboa;Portugal
01415 Service Plaza;;Cicapar;;Indonesia
9745 Buhler Place;;Tianzhen;;China
676 Scott Hill;;Dniprovka;;Ukraine
66 Kingsford Way;33-321;Siedlce;;Poland
79 Eliot Center;58750-000;Juru;;Brazil
8 Transport Crossing;;Sumberpitu;;Indonesia
73 Union Lane;4950-770;Pereira;Viana do Castelo;Portugal
095 Susan Avenue;40510;Lexington;Kentucky;United States
535 Northland Crossing;;Ash Shuhadā’;;Palestinian Territory
82861 Shoshone Place;5949;La Tigra;;Argentina
93 Glendale Place;;Xiangtan;;China
2 Spaight Plaza;;Tekik Wetan;;Indonesia
91 Dexter Alley;;Vogan;;Togo
3274 New Castle Alley;;Tegalwero;;Indonesia
35 Raven Drive;11109;Quisqueya;;Dominican Republic
37 Anthes Point;MD-4438;Călăraşi;;Moldova
31960 Blaine Lane;63019 CEDEX 2;Clermont-Ferrand;Auvergne;France
7 Derek Parkway;;Bao’an;;China
0087 Columbus Street;49980-000;Neópolis;;Brazil
57 Browning Terrace;2351;Kamnica;;Slovenia
2 Gale Road;;Jiaohu;;China
368 Holy Cross Park;591 34;Motala;Östergötland;Sweden
9581 Becker Crossing;;Longgang;;China
160 Bartelt Street;;Pepayan;;Indonesia
8015 Shasta Center;;Bāfq;;Iran
437 Kensington Court;9208;Unidos;;Philippines
375 Twin Pines Avenue;;Mospyne;;Ukraine
18189 Mallory Crossing;;Yantian;;China
302 Gerald Pass;;Yagoua;;Cameroon
41815 School Pass;10803;Calle Blancos;;Costa Rica
0 Manufacturers Road;02490;Nykarleby;;Finland
7509 Delladonna Hill;;Cube;;Ecuador
897 Eastlawn Plaza;;Ḩawallī;;Kuwait
7496 Spenser Avenue;70603;Pocora;;Costa Rica
979 Lukken Circle;;Panao;;Peru
91 Dapin Pass;;Luoshe;;China
29576 Briar Crest Circle;;Bokkos;;Nigeria
8 North Parkway;3116;Crespo;;Argentina
0 Knutson Way;;Puunage;;Indonesia
865 Farmco Alley;10514;Tamboril;;Dominican Republic
472 Butternut Point;;Chengshan;;China
9 Westend Point;368418;Bezhta;;Russia
4923 Fairview Parkway;853 56;Sundsvall;Västernorrland;Sweden
94953 Saint Paul Junction;63-620;Trzcinica;;Poland
99829 Union Place;340-0113;Satte;;Japan
3 Mendota Place;;Purwa;;Indonesia
9596 Larry Avenue;13940-000;Águas de Lindóia;;Brazil
9 Stuart Junction;;Liwale;;Tanzania
0374 Boyd Center;;Mawlaik;;Myanmar
048 Arapahoe Park;2351;Kamnica;;Slovenia
1 Eastlawn Center;;Hudai;;China
3290 Butterfield Point;;Puente Alto;;Chile
32301 Vermont Terrace;692 91;Kumla;Örebro;Sweden
7496 Delaware Alley;;Laozhuang;;China
7524 5th Alley;453259;Salavat;;Russia
51887 Fulton Terrace;97615;Dzaoudzi;;Mayotte
964 Center Way;65211;Columbia;Missouri;United States
0 Iowa Plaza;;Bangunsari;;Indonesia
0 Heath Center;680-1166;Shizukuishi;;Japan
71782 Fair Oaks Avenue;69680-000;Santo Antônio do Içá;;Brazil
758 Rowland Road;;Drahichyn;;Belarus
917 Forest Alley;;Xiaojing;;China
195 Northfield Road;;Neochórion;;Greece
3 Atwood Road;113 59;Stockholm;Stockholm;Sweden
037 Hudson Point;2260-100;Praia do Ribatejo;Santarém;Portugal
4 Drewry Parkway;;Bojonglarang;;Indonesia
19395 Cottonwood Center;;Tinaco;;Venezuela
85051 Warrior Road;3303;Reina Mercedes;;Philippines
64 Stone Corner Circle;8400;San Carlos de Bariloche;;Argentina
1275 Loeprich Plaza;;Sibut;;Central African Republic
74047 American Junction;CV35;Hatton;England;United Kingdom
77196 Havey Plaza;91499;Van Nuys;California;United States
6372 Scott Trail;233009;Pueblo Nuevo;;Colombia
22 Maple Way;5605;Bongued;;Philippines
613 Donald Crossing;;Estelí;;Nicaragua
109 Londonderry Street;;Bongor;;Chad
93625 Debs Lane;;Lazeshchyna;;Ukraine
159 Aberg Plaza;;Sekolan;;Indonesia
50 Arrowood Alley;20292 CEDEX;Bastia;Corse;France
8 Marcy Alley;;Ngetkib;;Palau
3 Schlimgen Terrace;;Shypyntsi;;Ukraine
81034 Pearson Place;;Changping;;China
60219 Londonderry Terrace;;Komsomol’skiy;;Uzbekistan
85602 Service Parkway;;Karanglo;;Indonesia
629 Trailsway Hill;;Trucuk;;Indonesia
59328 Myrtle Parkway;22-550;Werbkowice;;Poland
44 Mandrake Point;;Xikou;;China
225 Commercial Drive;;Longzhou;;China
0 Little Fleur Hill;;Larnaca;;Cyprus
71 Memorial Terrace;;Bonsari;;Indonesia
7 Clyde Gallagher Avenue;;Tayirove;;Ukraine
272 Golf Park;34-331;Świnna;;Poland
8841 American Ash Road;;Sukorejo;;Indonesia
9174 Declaration Park;86206 CEDEX;Loudun;Poitou-Charentes;France
0547 Caliangt Terrace;3100-327;Casal Velho;Leiria;Portugal
3 Thackeray Place;77554 CEDEX;Moissy-Cramayel;Île-de-France;France
11 Ridgeview Point;8108;Barurao;;Philippines
0 Granby Point;;Qumudi;;China
37 Dorton Plaza;;Rongdoi;;China
95801 Dorton Park;;Ögöömör;;Mongolia
36658 Garrison Avenue;;Adrasmon;;Tajikistan
1525 Victoria Junction;452230;Kushnarënkovo;;Russia
29 Onsgard Avenue;99560-000;Sarandi;;Brazil
30586 Katie Trail;;Karangpao;;Indonesia
761 Norway Maple Terrace;;Macari;;Peru
7 Nevada Plaza;;Dagang;;China
027 Coolidge Way;;Solok;;Indonesia
808 Manitowish Avenue;;Otjiwarongo;;Namibia
170 Manufacturers Center;;El Lolo;;Honduras
0 Northview Crossing;;Era;;Indonesia
2 Sheridan Point;;Shaba;;China
9284 Springs Center;;Mazha;;China
4639 Bluestem Point;74164 CEDEX;Saint-Julien-en-Genevois;Rhône-Alpes;France
5 Meadow Valley Drive;25590;Kuantan;Pahang;Malaysia
6839 Buell Hill;;Karangpete;;Indonesia
2106 Forest Park;;Al Jubayl;;Saudi Arabia
133 Hoepker Crossing;;Bayan Bulag;;China
68653 Comanche Pass;;Changfu;;China
83743 Packers Road;;Usquil;;Peru
3 Vera Park;;Šid;;Serbia
084 Brown Plaza;;Yŏnan-ŭp;;North Korea
26 Northland Way;250047;Mosquera;;Colombia
8263 Sunfield Crossing;5110;Pīrgaaj;;Bangladesh
